OrderID,Date,ProductID,ProductCategory,Quantity,UnitPrice,CustomerID,Region,TotalSales
1,2022-07-01,1069,Electronics,7,6.76,10208,East,47.32
2,2023-08-01,1069,Toys,1,74.62,10021,Central,74.62
3,2023-03-01,1003,Beauty,2,185.61,10677,South,371.22
4,2022-11-01,1093,Clothing,4,49.59,10610,West,198.36
5,2022-08-01,1074,Books,1,128.7,10207,Central,128.7
6,2023-09-01,1061,Clothing,9,48.3,10007,West,434.7
7,2022-07-01,1061,Books,6,67.73,10701,South,406.38
8,2023-07-01,1093,Clothing,1,170.37,10686,East,170.37
9,2023-11-01,1094,Books,1,147.13,10784,East,147.13
10,2022-11-01,1023,Clothing,6,23.6,10528,South,141.60000000000002
11,2022-11-01,1054,Clothing,4,88.6,10601,West,354.4
12,2023-12-01,1008,Clothing,4,10.69,10652,Central,42.76
13,2023-09-01,1002,Clothing,6,98.77,10656,South,592.62
14,2022-04-01,1030,Beauty,7,134.17,10165,North,939.1899999999999
15,2022-08-01,1039,Electronics,9,28.11,10848,West,252.99
16,2023-12-01,1035,Home & Garden,5,61.33,10495,East,306.65
17,2022-03-01,1023,Toys,9,82.58,10589,South,743.22
18,2023-10-01,1094,Home & Garden,4,184.31,10428,East,737.24
19,2023-09-01,1005,Home & Garden,2,198.68,10773,West,397.36
20,2022-02-01,1065,Books,3,13.76,10162,East,41.28
21,2023-12-01,1083,Electronics,1,153.4,10365,South,153.4
22,2022-12-01,1091,Books,6,77.49,10525,West,464.93999999999994
23,2022-06-01,1074,Electronics,6,81.53,10238,North,489.18
24,2022-02-01,1003,Electronics,1,152.08,10071,South,152.08
25,2023-09-01,1078,Clothing,3,184.09,10444,Central,552.27
26,2022-01-01,1005,Beauty,5,190.43,10654,South,952.1500000000001
27,2022-12-01,1093,Clothing,3,117.54,10821,West,352.62
28,2023-10-01,1050,Beauty,3,74.64,10508,South,223.92000000000002
29,2022-12-01,1061,Books,3,158.57,10794,North,475.71
30,2024-01-01,1056,Beauty,5,53.95,10268,North,269.75
31,2023-05-01,1065,Books,5,114.99,10752,Central,574.9499999999999
32,2022-10-01,1078,Home & Garden,4,74.92,10414,East,299.68
33,2023-04-01,1074,Home & Garden,1,133.04,10244,West,133.04
34,2023-03-01,1007,Beauty,5,51.88,10674,West,259.40000000000003
35,2023-03-01,1025,Beauty,5,42.36,10059,East,211.8
36,2023-07-01,1050,Books,4,184.06,10005,North,736.24
37,2022-12-01,1044,Clothing,6,24.85,10708,North,149.10000000000002
38,2023-11-01,1043,Books,4,103.66,10981,South,414.64
39,2023-08-01,1004,Clothing,7,48.07,10569,Central,336.49
40,2024-01-01,1069,Home & Garden,7,12.59,10816,Central,88.13
41,2022-03-01,1025,Electronics,2,12.02,10406,Central,24.04
42,2022-05-01,1067,Beauty,3,39.17,10216,South,117.51
43,2023-07-01,1018,Clothing,1,174.02,10929,Central,174.02
44,2022-07-01,1083,Books,8,60.08,10025,East,480.64
45,2023-09-01,1096,Home & Garden,9,190.34,10814,South,1713.06
46,2022-09-01,1019,Clothing,4,118.42,10004,East,473.68
47,2022-07-01,1011,Books,6,90.14,10985,South,540.84
48,2023-06-01,1046,Beauty,9,118.12,10531,Central,1063.08
49,2022-04-01,1000,Beauty,6,105.76,10389,East,634.5600000000001
50,2024-01-01,1089,Toys,9,152.96,10709,East,1376.64
51,2023-02-01,1013,Electronics,4,60.09,10570,East,240.36
52,2023-06-01,1063,Toys,8,73.84,10447,South,590.72
53,2022-09-01,1037,Home & Garden,9,179.35,10753,West,1614.1499999999999
54,2023-09-01,1036,Clothing,4,189.56,10145,Central,758.24
55,2022-02-01,1010,Home & Garden,5,179.05,10387,East,895.25
56,2023-08-01,1099,Books,8,86.79,10784,West,694.32
57,2023-03-01,1076,Beauty,6,157.17,10248,Central,943.02
58,2022-07-01,1002,Toys,7,97.89,10525,Central,685.23
59,2022-12-01,1032,Toys,3,102.02,10461,East,306.06
60,2022-08-01,1005,Toys,7,44.91,10012,East,314.37
61,2023-03-01,1049,Home & Garden,8,120.27,10902,South,962.16
62,2022-03-01,1009,Beauty,6,41.3,10383,West,247.79999999999998
63,2023-02-01,1004,Clothing,9,69.66,10555,West,626.9399999999999
64,2023-05-01,1022,Books,6,171.73,10886,East,1030.3799999999999
65,2022-04-01,1009,Clothing,9,45.38,10398,Central,408.42
66,2023-06-01,1043,Home & Garden,4,18.88,10018,East,75.52
67,2022-08-01,1001,Books,8,18.46,10574,Central,147.68
68,2022-04-01,1012,Toys,4,188.45,10490,Central,753.8
69,2022-02-01,1039,Electronics,2,103.85,10750,East,207.7
70,2022-06-01,1001,Home & Garden,9,84.84,10418,North,763.5600000000001
71,2023-10-01,1083,Home & Garden,5,163.12,10336,West,815.6
72,2022-10-01,1064,Beauty,4,167.99,10418,Central,671.96
73,2022-04-01,1062,Clothing,2,69.78,10914,Central,139.56
74,2023-10-01,1072,Home & Garden,1,140.26,10915,North,140.26
75,2023-06-01,1016,Home & Garden,7,155.37,10611,South,1087.5900000000001
76,2022-12-01,1008,Toys,6,132.66,10674,North,795.96
77,2022-02-01,1074,Toys,2,34.56,10927,North,69.12
78,2022-10-01,1014,Books,8,175.8,10121,Central,1406.4
79,2022-04-01,1023,Electronics,4,110.12,10431,West,440.48
80,2023-02-01,1037,Beauty,8,60.08,10043,North,480.64
81,2023-04-01,1034,Electronics,7,87.92,10871,South,615.44
82,2023-03-01,1093,Books,5,12.33,10919,East,61.65
83,2022-08-01,1094,Toys,8,29.93,10316,North,239.44
84,2023-02-01,1048,Clothing,9,154.28,10380,North,1388.52
85,2023-11-01,1068,Toys,5,5.0,10144,South,25.0
86,2024-01-01,1061,Beauty,5,86.23,10326,West,431.15000000000003
87,2022-08-01,1059,Toys,2,106.89,10362,North,213.78
88,2023-09-01,1049,Beauty,5,15.65,10049,North,78.25
89,2023-04-01,1077,Beauty,3,194.75,10064,West,584.25
90,2023-01-01,1074,Beauty,7,49.09,10354,South,343.63
91,2023-06-01,1008,Books,5,64.32,10799,North,321.59999999999997
92,2023-03-01,1033,Beauty,8,64.27,10163,West,514.16
93,2023-09-01,1075,Beauty,1,49.93,10140,North,49.93
94,2023-12-01,1098,Clothing,3,5.29,10965,East,15.870000000000001
95,2024-01-01,1034,Electronics,3,147.22,10825,Central,441.65999999999997
96,2023-01-01,1000,Home & Garden,9,193.53,10127,East,1741.77
97,2022-09-01,1039,Electronics,5,48.74,10397,North,243.70000000000002
98,2023-03-01,1063,Beauty,9,134.29,10932,South,1208.61
99,2023-01-01,1021,Clothing,9,149.67,10879,Central,1347.03
100,2022-01-01,1059,Toys,1,170.44,10462,East,170.44
101,2024-01-01,1063,Clothing,2,87.41,10750,West,174.82
102,2022-07-01,1092,Beauty,5,64.07,10835,South,320.34999999999997
103,2022-09-01,1071,Clothing,4,68.43,10807,East,273.72
104,2023-12-01,1010,Clothing,9,143.96,10186,West,1295.64
105,2022-01-01,1013,Beauty,7,164.27,10719,North,1149.89
106,2022-12-01,1059,Books,6,40.41,10731,West,242.45999999999998
107,2022-08-01,1029,Clothing,7,77.33,10911,East,541.31
108,2023-12-01,1034,Home & Garden,1,180.88,10189,East,180.88
109,2022-11-01,1084,Home & Garden,1,162.31,10387,North,162.31
110,2023-07-01,1036,Clothing,8,197.05,10428,West,1576.4
111,2023-05-01,1004,Books,2,152.08,10857,West,304.16
112,2022-08-01,1082,Toys,9,81.67,10283,North,735.03
113,2022-03-01,1077,Beauty,7,120.17,10863,West,841.19
114,2022-03-01,1025,Home & Garden,6,133.9,10236,North,803.4000000000001
115,2022-01-01,1061,Toys,1,20.3,10193,South,20.3
116,2022-05-01,1003,Clothing,1,111.18,10286,East,111.18
117,2022-10-01,1088,Toys,2,143.32,10770,South,286.64
118,2022-07-01,1041,Electronics,6,37.63,10757,Central,225.78000000000003
119,2022-09-01,1088,Home & Garden,6,157.22,10135,Central,943.3199999999999
120,2022-07-01,1017,Clothing,2,118.84,10791,Central,237.68
121,2022-09-01,1039,Beauty,1,190.68,10782,North,190.68
122,2022-08-01,1071,Books,5,13.27,10170,West,66.35
123,2022-12-01,1038,Clothing,5,56.74,10158,South,283.7
124,2022-02-01,1013,Beauty,2,122.3,10200,South,244.6
125,2022-01-01,1031,Books,6,62.83,10486,South,376.98
126,2023-04-01,1050,Books,9,144.31,10556,South,1298.79
127,2023-11-01,1037,Clothing,2,153.01,10961,Central,306.02
128,2023-11-01,1096,Toys,2,24.99,10775,South,49.98
129,2023-12-01,1022,Toys,3,105.2,10582,West,315.6
130,2022-05-01,1062,Books,7,104.23,10503,Central,729.61
131,2022-03-01,1014,Toys,6,77.01,10875,South,462.06000000000006
132,2022-12-01,1096,Electronics,8,186.92,10370,North,1495.36
133,2022-08-01,1024,Books,8,166.36,10102,East,1330.88
134,2023-10-01,1016,Books,6,140.96,10124,East,845.76
135,2022-03-01,1096,Beauty,3,144.29,10312,East,432.87
136,2022-01-01,1065,Toys,3,95.03,10975,Central,285.09000000000003
137,2022-03-01,1077,Books,1,184.59,10994,South,184.59
138,2022-05-01,1052,Electronics,7,140.45,10797,Central,983.1499999999999
139,2023-03-01,1050,Beauty,5,147.15,10457,West,735.75
140,2023-02-01,1038,Clothing,4,173.03,10229,North,692.12
141,2022-03-01,1050,Books,4,58.44,10657,North,233.76
142,2022-01-01,1069,Electronics,4,162.38,10881,East,649.52
143,2022-05-01,1005,Home & Garden,6,43.07,10196,East,258.42
144,2023-11-01,1066,Electronics,8,72.34,10884,East,578.72
145,2023-02-01,1006,Electronics,8,70.44,10732,South,563.52
146,2022-07-01,1050,Beauty,5,195.81,10422,West,979.05
147,2022-09-01,1071,Clothing,6,172.02,10571,West,1032.1200000000001
148,2023-03-01,1041,Home & Garden,4,141.73,10609,West,566.92
149,2023-03-01,1063,Toys,9,146.78,10170,West,1321.02
150,2022-10-01,1014,Toys,8,114.6,10381,East,916.8
151,2023-01-01,1028,Electronics,1,189.68,10172,North,189.68
152,2023-07-01,1032,Beauty,2,101.77,10662,East,203.54
153,2022-07-01,1093,Beauty,9,79.2,10452,West,712.8000000000001
154,2023-05-01,1026,Toys,8,36.79,10349,East,294.32
155,2023-08-01,1035,Home & Garden,3,158.31,10901,West,474.93
156,2022-04-01,1028,Clothing,8,148.22,10951,Central,1185.76
157,2022-05-01,1037,Home & Garden,1,79.95,10633,North,79.95
158,2023-11-01,1056,Books,4,9.91,10493,Central,39.64
159,2022-07-01,1096,Books,3,168.6,10619,South,505.79999999999995
160,2023-01-01,1026,Clothing,6,7.23,10003,East,43.38
161,2023-03-01,1054,Toys,7,142.22,10092,South,995.54
162,2022-11-01,1032,Clothing,4,194.2,10918,East,776.8
163,2022-04-01,1067,Beauty,7,90.34,10005,Central,632.38
164,2023-01-01,1085,Books,9,50.82,10287,West,457.38
165,2022-07-01,1065,Electronics,2,142.45,10617,West,284.9
166,2023-07-01,1009,Electronics,3,164.34,10145,East,493.02
167,2023-10-01,1004,Toys,5,111.55,10782,West,557.75
168,2022-02-01,1073,Beauty,3,193.57,10423,Central,580.71
169,2022-10-01,1096,Home & Garden,8,15.08,10889,West,120.64
170,2023-01-01,1037,Beauty,8,103.44,10607,Central,827.52
171,2024-01-01,1012,Electronics,8,145.1,10456,South,1160.8
172,2023-09-01,1030,Electronics,9,173.21,10740,Central,1558.89
173,2022-06-01,1046,Books,4,39.95,10201,North,159.8
174,2022-12-01,1099,Beauty,5,161.0,10211,North,805.0
175,2022-12-01,1087,Beauty,5,112.78,10005,North,563.9
176,2023-08-01,1051,Electronics,8,82.33,10623,East,658.64
177,2022-11-01,1055,Home & Garden,7,30.68,10375,East,214.76
178,2023-11-01,1014,Toys,9,173.73,10890,East,1563.57
179,2024-01-01,1028,Toys,8,35.67,10446,Central,285.36
180,2022-07-01,1007,Beauty,2,65.41,10834,East,130.82
181,2022-01-01,1004,Toys,4,61.56,10105,South,246.24
182,2022-01-01,1028,Electronics,6,174.93,10650,North,1049.58
183,2024-01-01,1046,Electronics,2,136.18,10810,Central,272.36
184,2024-01-01,1067,Beauty,7,160.35,10400,North,1122.45
185,2023-08-01,1075,Beauty,3,53.84,10095,East,161.52
186,2023-01-01,1044,Books,3,126.85,10387,Central,380.54999999999995
187,2022-09-01,1001,Beauty,2,116.49,10958,West,232.98
188,2022-03-01,1026,Home & Garden,8,167.4,10451,South,1339.2
189,2022-07-01,1094,Toys,6,181.69,10848,East,1090.1399999999999
190,2022-06-01,1035,Beauty,1,7.37,10808,East,7.37
191,2022-08-01,1035,Clothing,1,136.43,10978,South,136.43
192,2022-09-01,1025,Books,7,15.11,10900,South,105.77
193,2022-05-01,1042,Clothing,8,112.03,10415,West,896.24
194,2022-01-01,1026,Electronics,5,61.09,10725,East,305.45000000000005
195,2023-07-01,1068,Toys,5,64.82,10503,East,324.09999999999997
196,2022-10-01,1019,Beauty,4,73.83,10453,North,295.32
197,2022-12-01,1010,Clothing,6,126.15,10290,Central,756.9000000000001
198,2023-12-01,1073,Toys,6,70.14,10533,Central,420.84000000000003
199,2023-03-01,1037,Electronics,3,147.88,10192,North,443.64
200,2023-10-01,1005,Home & Garden,9,83.88,10979,Central,754.92
201,2023-12-01,1071,Books,7,18.33,10149,South,128.31
202,2022-09-01,1022,Toys,1,157.83,10879,Central,157.83
203,2023-08-01,1046,Toys,7,60.72,10758,Central,425.03999999999996
204,2023-05-01,1089,Home & Garden,5,89.39,10778,North,446.95
205,2023-05-01,1045,Toys,5,138.66,10972,West,693.3
206,2023-08-01,1011,Electronics,2,69.83,10762,Central,139.66
207,2022-12-01,1089,Electronics,4,16.03,10514,Central,64.12
208,2022-07-01,1012,Home & Garden,6,77.91,10392,West,467.46
209,2022-02-01,1061,Books,7,189.17,10315,North,1324.1899999999998
210,2022-03-01,1081,Beauty,5,130.14,10075,West,650.6999999999999
211,2023-05-01,1088,Clothing,9,135.94,10598,North,1223.46
212,2022-05-01,1096,Beauty,3,128.3,10269,South,384.90000000000003
213,2023-05-01,1059,Toys,1,43.8,10224,North,43.8
214,2023-12-01,1042,Clothing,4,86.58,10529,South,346.32
215,2023-05-01,1075,Home & Garden,9,151.43,10112,South,1362.8700000000001
216,2023-05-01,1099,Home & Garden,4,24.77,10250,North,99.08
217,2022-02-01,1067,Books,2,59.18,10232,East,118.36
218,2022-02-01,1004,Clothing,5,58.88,10840,North,294.40000000000003
219,2023-10-01,1036,Electronics,3,89.24,10790,Central,267.71999999999997
220,2023-11-01,1071,Clothing,9,196.17,10713,Central,1765.53
221,2022-05-01,1091,Toys,4,18.16,10082,East,72.64
222,2022-01-01,1030,Electronics,6,106.15,10124,South,636.9000000000001
223,2022-01-01,1008,Home & Garden,2,39.98,10174,East,79.96
224,2023-07-01,1050,Clothing,6,194.28,10068,Central,1165.68
225,2022-02-01,1028,Beauty,3,27.09,10046,East,81.27
226,2023-09-01,1077,Books,9,83.7,10883,North,753.3000000000001
227,2022-12-01,1039,Beauty,2,148.89,10255,East,297.78
228,2022-06-01,1040,Books,9,142.39,10726,South,1281.5099999999998
229,2023-11-01,1085,Toys,5,87.43,10029,North,437.15000000000003
230,2022-04-01,1010,Beauty,8,72.57,10280,West,580.56
231,2023-11-01,1022,Clothing,2,82.53,10923,Central,165.06
232,2022-11-01,1000,Clothing,6,56.53,10993,Central,339.18
233,2023-12-01,1045,Beauty,3,45.04,10236,East,135.12
234,2023-05-01,1020,Clothing,5,99.19,10247,North,495.95
235,2022-06-01,1089,Toys,8,57.36,10367,West,458.88
236,2023-12-01,1035,Electronics,1,61.06,10494,North,61.06
237,2022-05-01,1053,Toys,5,133.07,10024,Central,665.3499999999999
238,2023-08-01,1086,Books,3,193.86,10585,North,581.58
239,2022-02-01,1056,Toys,4,122.71,10717,West,490.84
240,2022-06-01,1000,Books,2,20.01,10489,East,40.02
241,2023-10-01,1062,Clothing,9,19.74,10493,South,177.66
242,2022-11-01,1053,Electronics,3,190.53,10313,North,571.59
243,2023-04-01,1054,Clothing,2,62.97,10605,South,125.94
244,2023-04-01,1039,Home & Garden,9,22.95,10374,Central,206.54999999999998
245,2022-01-01,1014,Clothing,7,121.81,10638,East,852.6700000000001
246,2022-09-01,1020,Books,6,126.61,10936,East,759.66
247,2022-06-01,1046,Clothing,1,131.46,10024,North,131.46
248,2023-04-01,1072,Clothing,5,57.14,10333,East,285.7
249,2022-03-01,1052,Electronics,3,7.95,10354,North,23.85
250,2023-08-01,1008,Clothing,1,193.18,10115,North,193.18
251,2022-04-01,1073,Electronics,4,53.92,10047,South,215.68
252,2023-07-01,1051,Beauty,2,136.83,10737,East,273.66
253,2022-03-01,1056,Home & Garden,2,142.79,10777,North,285.58
254,2023-07-01,1025,Electronics,3,123.95,10098,South,371.85
255,2023-08-01,1040,Books,8,66.02,10458,West,528.16
256,2022-07-01,1034,Beauty,8,57.86,10522,South,462.88
257,2023-08-01,1062,Electronics,7,121.55,10596,South,850.85
258,2022-09-01,1024,Electronics,6,173.89,10404,North,1043.34
259,2022-01-01,1089,Home & Garden,9,189.61,10213,Central,1706.4900000000002
260,2022-08-01,1074,Books,4,25.65,10684,Central,102.6
261,2022-07-01,1037,Toys,1,35.19,10902,Central,35.19
262,2023-06-01,1001,Toys,8,189.22,10502,South,1513.76
263,2022-08-01,1006,Electronics,7,148.62,10720,North,1040.3400000000001
264,2022-01-01,1081,Clothing,7,177.18,10447,East,1240.26
265,2022-11-01,1090,Books,3,44.51,10893,South,133.53
266,2024-01-01,1033,Beauty,4,119.58,10575,South,478.32
267,2024-01-01,1090,Clothing,9,141.72,10257,North,1275.48
268,2023-06-01,1016,Clothing,6,137.62,10843,West,825.72
269,2023-11-01,1042,Books,5,84.59,10120,South,422.95000000000005
270,2022-10-01,1058,Electronics,3,8.0,10809,West,24.0
271,2022-03-01,1050,Electronics,9,118.67,10977,West,1068.03
272,2022-07-01,1053,Electronics,5,54.35,10053,Central,271.75
273,2023-04-01,1023,Electronics,5,92.8,10330,North,464.0
274,2023-04-01,1024,Toys,4,191.73,10783,West,766.92
275,2024-01-01,1070,Electronics,4,82.81,10240,North,331.24
276,2023-08-01,1051,Toys,1,168.76,10754,Central,168.76
277,2023-05-01,1069,Toys,7,41.77,10529,North,292.39000000000004
278,2022-02-01,1087,Electronics,9,136.13,10482,South,1225.17
279,2022-01-01,1032,Home & Garden,3,195.52,10186,West,586.5600000000001
280,2023-04-01,1048,Beauty,2,24.87,10857,North,49.74
281,2022-12-01,1028,Clothing,3,6.62,10655,East,19.86
282,2022-05-01,1062,Toys,1,89.55,10261,North,89.55
283,2022-05-01,1021,Books,6,23.06,10952,West,138.35999999999999
284,2023-11-01,1025,Books,7,150.93,10363,Central,1056.51
285,2022-09-01,1027,Beauty,2,183.34,10490,Central,366.68
286,2022-09-01,1084,Books,8,89.63,10430,West,717.04
287,2022-03-01,1048,Home & Garden,6,55.45,10238,South,332.70000000000005
288,2023-07-01,1070,Books,4,89.71,10303,South,358.84
289,2023-04-01,1080,Clothing,5,146.07,10297,Central,730.3499999999999
290,2023-04-01,1083,Clothing,8,6.77,10075,Central,54.16
291,2022-03-01,1048,Toys,3,119.94,10699,West,359.82
292,2023-08-01,1019,Electronics,3,124.59,10332,South,373.77
293,2023-12-01,1085,Home & Garden,4,129.35,10899,Central,517.4
294,2023-10-01,1091,Toys,1,52.19,10998,South,52.19
295,2023-12-01,1062,Home & Garden,9,144.24,10757,Central,1298.16
296,2022-01-01,1060,Electronics,8,22.82,10641,North,182.56
297,2023-12-01,1048,Books,8,43.86,10473,East,350.88
298,2023-08-01,1070,Books,6,176.11,10826,North,1056.66
299,2022-11-01,1000,Electronics,7,149.05,10922,Central,1043.3500000000001
300,2023-05-01,1095,Toys,6,7.68,10282,East,46.08
301,2022-08-01,1012,Electronics,9,53.43,10590,East,480.87
302,2022-04-01,1093,Beauty,3,46.81,10071,Central,140.43
303,2022-06-01,1086,Clothing,3,57.81,10262,Central,173.43
304,2022-08-01,1050,Toys,3,53.27,10702,South,159.81
305,2023-08-01,1055,Home & Garden,3,17.19,10878,Central,51.57000000000001
306,2022-03-01,1082,Beauty,9,94.49,10886,West,850.41
307,2023-04-01,1061,Toys,4,147.88,10941,Central,591.52
308,2024-01-01,1031,Electronics,7,123.31,10574,West,863.1700000000001
309,2022-03-01,1029,Electronics,9,136.21,10999,Central,1225.89
310,2024-01-01,1028,Electronics,7,20.82,10891,South,145.74
311,2023-06-01,1048,Electronics,9,190.54,10011,West,1714.86
312,2023-02-01,1044,Home & Garden,3,168.51,10140,North,505.53
313,2023-06-01,1092,Beauty,4,161.99,10765,West,647.96
314,2022-02-01,1029,Books,8,165.48,10554,South,1323.84
315,2023-10-01,1015,Clothing,6,186.88,10016,West,1121.28
316,2022-03-01,1039,Home & Garden,5,111.13,10062,Central,555.65
317,2023-04-01,1018,Home & Garden,4,44.05,10252,Central,176.2
318,2022-09-01,1017,Books,8,125.27,10464,South,1002.16
319,2022-04-01,1000,Books,1,149.86,10375,East,149.86
320,2022-01-01,1077,Clothing,9,148.89,10803,Central,1340.0099999999998
321,2022-04-01,1046,Clothing,1,106.68,10980,North,106.68
322,2022-01-01,1065,Books,8,18.35,10519,South,146.8
323,2023-02-01,1091,Electronics,4,77.37,10836,West,309.48
324,2023-09-01,1093,Home & Garden,9,184.55,10089,West,1660.95
325,2023-04-01,1037,Toys,5,118.97,10719,North,594.85
326,2023-08-01,1050,Clothing,3,109.97,10803,Central,329.90999999999997
327,2023-12-01,1062,Clothing,9,57.43,10795,South,516.87
328,2022-08-01,1003,Books,9,76.85,10629,North,691.65
329,2022-07-01,1000,Beauty,4,179.59,10860,Central,718.36
330,2022-03-01,1007,Toys,4,134.96,10174,South,539.84
331,2023-05-01,1028,Toys,8,158.54,10075,West,1268.32
332,2022-01-01,1054,Clothing,2,93.6,10612,South,187.2
333,2023-04-01,1002,Electronics,9,127.9,10925,East,1151.1000000000001
334,2022-12-01,1031,Beauty,6,53.43,10662,South,320.58
335,2023-07-01,1009,Toys,9,142.56,10399,East,1283.04
336,2023-10-01,1073,Clothing,8,88.38,10781,South,707.04
337,2023-11-01,1082,Toys,7,91.3,10969,East,639.1
338,2023-10-01,1033,Beauty,1,131.62,10070,West,131.62
339,2023-02-01,1096,Beauty,3,187.57,10179,Central,562.71
340,2022-06-01,1086,Home & Garden,2,17.48,10123,East,34.96
341,2022-06-01,1054,Books,5,165.82,10380,East,829.0999999999999
342,2023-01-01,1091,Books,5,62.01,10292,West,310.05
343,2023-07-01,1031,Clothing,5,91.56,10796,East,457.8
344,2023-10-01,1049,Beauty,4,9.27,10194,North,37.08
345,2022-08-01,1006,Home & Garden,5,63.7,10910,West,318.5
346,2022-02-01,1092,Home & Garden,3,103.01,10227,North,309.03000000000003
347,2023-09-01,1007,Toys,1,15.95,10430,West,15.95
348,2022-01-01,1064,Toys,5,100.76,10941,East,503.8
349,2023-03-01,1056,Home & Garden,9,185.79,10435,North,1672.11
350,2022-01-01,1066,Toys,9,25.55,10786,East,229.95000000000002
351,2022-05-01,1087,Beauty,4,154.07,10460,West,616.28
352,2023-04-01,1086,Electronics,3,84.89,10617,East,254.67000000000002
353,2023-07-01,1058,Beauty,1,132.76,10020,North,132.76
354,2022-04-01,1071,Home & Garden,2,55.75,10063,North,111.5
355,2022-03-01,1053,Home & Garden,8,36.1,10164,East,288.8
356,2023-05-01,1066,Beauty,1,36.29,10026,South,36.29
357,2023-05-01,1050,Toys,8,18.75,10310,West,150.0
358,2022-12-01,1096,Toys,7,41.2,10284,West,288.40000000000003
359,2023-02-01,1091,Books,8,134.52,10659,East,1076.16
360,2023-09-01,1007,Home & Garden,6,176.93,10280,South,1061.58
361,2022-06-01,1033,Clothing,9,163.75,10837,North,1473.75
362,2022-03-01,1034,Books,3,138.6,10830,Central,415.79999999999995
363,2022-09-01,1095,Toys,4,26.53,10163,Central,106.12
364,2022-05-01,1087,Beauty,6,61.39,10897,East,368.34000000000003
365,2023-12-01,1077,Toys,8,65.41,10917,South,523.28
366,2023-05-01,1031,Beauty,5,53.74,10223,South,268.7
367,2023-02-01,1045,Books,3,105.43,10783,West,316.29
368,2023-09-01,1015,Home & Garden,6,109.43,10145,North,656.58
369,2022-03-01,1067,Toys,4,74.59,10964,South,298.36
370,2022-01-01,1036,Beauty,9,73.99,10949,Central,665.91
371,2023-08-01,1053,Home & Garden,3,166.57,10867,North,499.71
372,2023-09-01,1084,Clothing,4,158.91,10029,North,635.64
373,2023-11-01,1013,Beauty,7,65.02,10044,East,455.14
374,2022-01-01,1094,Books,7,183.19,10786,South,1282.33
375,2022-03-01,1054,Clothing,4,190.8,10470,East,763.2
376,2023-06-01,1047,Clothing,6,68.71,10033,South,412.26
377,2024-01-01,1081,Electronics,3,74.11,10652,West,222.32999999999998
378,2022-10-01,1006,Toys,6,103.6,10426,East,621.5999999999999
379,2023-10-01,1073,Beauty,2,188.52,10829,East,377.04
380,2022-03-01,1006,Clothing,8,175.88,10885,Central,1407.04
381,2022-08-01,1032,Electronics,2,25.0,10220,East,50.0
382,2023-02-01,1022,Books,7,81.58,10867,South,571.06
383,2023-12-01,1084,Home & Garden,9,112.91,10533,Central,1016.1899999999999
384,2023-06-01,1018,Beauty,1,103.11,10691,East,103.11
385,2023-03-01,1018,Clothing,8,42.8,10947,East,342.4
386,2023-10-01,1035,Toys,7,172.47,10366,West,1207.29
387,2023-11-01,1028,Electronics,6,137.0,10931,East,822.0
388,2022-02-01,1059,Clothing,6,168.39,10840,North,1010.3399999999999
389,2022-10-01,1081,Toys,6,172.46,10742,Central,1034.76
390,2022-02-01,1001,Clothing,9,150.93,10914,North,1358.3700000000001
391,2023-05-01,1000,Beauty,2,90.65,10549,Central,181.3
392,2022-08-01,1046,Beauty,1,124.06,10581,West,124.06
393,2022-01-01,1068,Beauty,6,36.27,10115,East,217.62
394,2022-09-01,1019,Books,8,136.36,10238,East,1090.88
395,2022-11-01,1010,Books,3,39.95,10334,East,119.85000000000001
396,2023-10-01,1001,Electronics,1,140.32,10440,Central,140.32
397,2023-04-01,1066,Beauty,9,49.77,10147,East,447.93
398,2022-07-01,1086,Toys,1,27.92,10008,North,27.92
399,2022-10-01,1011,Clothing,3,37.23,10287,East,111.69
400,2023-11-01,1019,Home & Garden,8,5.39,10387,West,43.12
401,2022-03-01,1004,Toys,3,145.15,10049,North,435.45000000000005
402,2023-06-01,1036,Books,4,147.82,10849,East,591.28
403,2024-01-01,1037,Books,8,105.41,10516,East,843.28
404,2023-12-01,1093,Toys,1,36.47,10915,South,36.47
405,2023-01-01,1008,Books,6,21.29,10854,Central,127.74
406,2022-07-01,1097,Beauty,1,8.73,10637,North,8.73
407,2024-01-01,1052,Electronics,1,37.32,10586,South,37.32
408,2022-04-01,1043,Clothing,8,178.72,10676,West,1429.76
409,2023-01-01,1098,Electronics,4,52.1,10277,Central,208.4
410,2023-08-01,1085,Clothing,1,74.08,10953,North,74.08
411,2022-01-01,1023,Clothing,7,25.54,10835,East,178.78
412,2022-08-01,1080,Electronics,5,48.36,10988,North,241.8
413,2023-02-01,1073,Toys,5,106.25,10299,East,531.25
414,2023-04-01,1029,Clothing,1,123.51,10801,Central,123.51
415,2023-02-01,1058,Electronics,6,52.84,10588,East,317.04
416,2022-12-01,1086,Clothing,9,16.26,10809,West,146.34
417,2023-07-01,1095,Home & Garden,9,81.25,10648,East,731.25
418,2023-11-01,1080,Toys,8,50.67,10617,West,405.36
419,2023-03-01,1080,Beauty,5,47.81,10606,Central,239.05
420,2022-02-01,1013,Clothing,1,192.17,10134,Central,192.17
421,2022-02-01,1008,Home & Garden,9,125.18,10579,North,1126.6200000000001
422,2023-11-01,1039,Beauty,1,113.59,10146,West,113.59
423,2023-10-01,1065,Beauty,8,86.08,10489,West,688.64
424,2023-07-01,1024,Clothing,5,88.64,10477,South,443.2
425,2024-01-01,1072,Electronics,3,110.48,10158,South,331.44
426,2023-10-01,1021,Clothing,7,140.8,10383,South,985.6000000000001
427,2023-10-01,1003,Home & Garden,7,141.92,10162,East,993.4399999999999
428,2023-05-01,1025,Beauty,9,38.48,10440,South,346.32
429,2023-08-01,1057,Clothing,7,102.52,10852,West,717.64
430,2022-10-01,1028,Electronics,3,85.33,10188,East,255.99
431,2022-06-01,1097,Clothing,1,174.75,10414,Central,174.75
432,2023-03-01,1086,Toys,8,128.13,10338,North,1025.04
433,2023-10-01,1036,Electronics,3,108.84,10606,South,326.52
434,2022-11-01,1074,Home & Garden,8,27.5,10180,Central,220.0
435,2022-05-01,1069,Beauty,8,123.1,10287,West,984.8
436,2022-01-01,1017,Clothing,5,27.85,10833,North,139.25
437,2022-08-01,1084,Electronics,1,70.76,10186,Central,70.76
438,2023-09-01,1041,Toys,7,32.85,10883,North,229.95000000000002
439,2022-12-01,1099,Electronics,5,139.95,10137,South,699.75
440,2022-12-01,1040,Books,8,45.22,10129,West,361.76
441,2022-05-01,1037,Toys,9,81.41,10193,North,732.6899999999999
442,2022-07-01,1033,Home & Garden,7,179.66,10315,Central,1257.62
443,2022-04-01,1016,Beauty,7,44.84,10983,South,313.88
444,2022-06-01,1036,Home & Garden,1,104.02,10784,South,104.02
445,2023-01-01,1024,Clothing,4,86.76,10863,Central,347.04
446,2023-08-01,1075,Electronics,2,8.53,10143,Central,17.06
447,2023-03-01,1086,Books,2,159.59,10015,North,319.18
448,2022-03-01,1085,Toys,2,18.46,10301,East,36.92
449,2023-11-01,1084,Toys,4,97.48,10422,South,389.92
450,2022-08-01,1026,Electronics,1,114.33,10244,North,114.33
451,2023-08-01,1056,Books,4,127.54,10926,Central,510.16
452,2023-04-01,1030,Electronics,2,139.28,10106,North,278.56
453,2023-01-01,1005,Clothing,5,54.39,10087,Central,271.95
454,2023-06-01,1090,Home & Garden,3,6.95,10128,West,20.85
455,2022-10-01,1039,Toys,8,146.07,10906,Central,1168.56
456,2023-07-01,1097,Clothing,4,109.45,10886,Central,437.8
457,2023-05-01,1011,Home & Garden,1,168.04,10340,Central,168.04
458,2023-12-01,1052,Clothing,1,165.17,10003,East,165.17
459,2023-07-01,1070,Books,3,169.45,10326,Central,508.34999999999997
460,2023-11-01,1009,Toys,9,99.59,10409,South,896.3100000000001
461,2022-05-01,1044,Electronics,7,70.06,10878,South,490.42
462,2023-09-01,1016,Electronics,2,159.35,10305,North,318.7
463,2023-11-01,1025,Home & Garden,9,93.0,10907,East,837.0
464,2022-09-01,1084,Beauty,2,40.77,10606,North,81.54
465,2022-12-01,1091,Books,3,171.72,10720,South,515.16
466,2023-09-01,1061,Home & Garden,2,177.1,10224,South,354.2
467,2022-01-01,1045,Beauty,3,95.93,10970,West,287.79
468,2022-01-01,1063,Clothing,6,19.76,10347,Central,118.56
469,2023-03-01,1001,Books,9,80.63,10991,South,725.67
470,2022-02-01,1053,Clothing,9,161.69,10320,North,1455.21
471,2023-10-01,1064,Toys,7,180.85,10558,North,1265.95
472,2023-04-01,1050,Books,3,44.68,10987,Central,134.04
473,2024-01-01,1052,Beauty,4,18.06,10180,Central,72.24
474,2022-08-01,1035,Toys,6,176.08,10617,West,1056.48
475,2023-01-01,1025,Electronics,5,80.93,10710,East,404.65000000000003
476,2023-09-01,1028,Beauty,2,110.64,10385,North,221.28
477,2022-01-01,1020,Home & Garden,6,193.77,10617,Central,1162.6200000000001
478,2023-04-01,1010,Electronics,3,17.98,10791,North,53.94
479,2022-07-01,1039,Electronics,8,131.42,10771,Central,1051.36
480,2022-05-01,1010,Home & Garden,2,19.45,10107,South,38.9
481,2023-10-01,1035,Books,1,78.22,10530,North,78.22
482,2023-11-01,1058,Electronics,9,161.74,10409,South,1455.66
483,2022-03-01,1038,Beauty,3,89.53,10970,North,268.59000000000003
484,2022-12-01,1098,Toys,1,199.45,10295,East,199.45
485,2023-04-01,1053,Electronics,7,114.02,10817,West,798.14
486,2023-07-01,1097,Beauty,5,67.63,10170,South,338.15
487,2022-05-01,1054,Clothing,5,47.92,10330,Central,239.60000000000002
488,2023-10-01,1023,Beauty,1,73.35,10492,East,73.35
489,2024-01-01,1021,Toys,9,77.64,10194,North,698.76
490,2023-02-01,1068,Beauty,7,18.4,10011,South,128.79999999999998
491,2022-05-01,1055,Home & Garden,8,77.07,10194,North,616.56
492,2023-03-01,1032,Toys,9,95.53,10489,North,859.77
493,2023-05-01,1035,Books,6,145.93,10794,North,875.58
494,2023-02-01,1019,Clothing,5,133.06,10880,West,665.3
495,2023-08-01,1082,Home & Garden,6,143.21,10181,West,859.26
496,2022-05-01,1098,Books,2,6.63,10961,Central,13.26
497,2022-12-01,1080,Beauty,4,47.45,10816,South,189.8
498,2023-04-01,1061,Toys,3,134.03,10655,East,402.09000000000003
499,2023-04-01,1097,Clothing,7,99.38,10897,East,695.66
500,2023-09-01,1072,Home & Garden,9,6.04,10315,East,54.36
501,2022-07-01,1025,Books,5,161.88,10693,North,809.4
502,2022-04-01,1065,Books,6,155.7,10029,West,934.1999999999999
503,2022-01-01,1072,Clothing,2,111.94,10595,South,223.88
504,2022-05-01,1072,Beauty,3,17.96,10677,North,53.88
505,2023-11-01,1039,Clothing,3,154.47,10795,West,463.40999999999997
506,2022-10-01,1016,Books,9,118.82,10792,West,1069.3799999999999
507,2023-10-01,1000,Electronics,7,157.48,10095,South,1102.36
508,2022-05-01,1088,Home & Garden,8,151.59,10380,South,1212.72
509,2022-04-01,1060,Clothing,9,161.59,10777,South,1454.31
510,2022-02-01,1042,Books,6,106.01,10443,North,636.0600000000001
511,2023-08-01,1041,Beauty,4,32.36,10297,Central,129.44
512,2022-10-01,1024,Books,1,135.88,10807,South,135.88
513,2023-07-01,1038,Beauty,8,125.99,10736,Central,1007.92
514,2022-01-01,1034,Clothing,7,149.74,10844,North,1048.18
515,2023-12-01,1002,Beauty,2,38.13,10360,Central,76.26
516,2022-05-01,1043,Toys,8,43.02,10373,East,344.16
517,2023-01-01,1050,Toys,5,178.63,10553,Central,893.15
518,2022-04-01,1093,Toys,7,151.25,10302,South,1058.75
519,2023-04-01,1097,Electronics,4,182.1,10420,North,728.4
520,2023-12-01,1011,Clothing,5,152.95,10245,South,764.75
521,2023-04-01,1018,Books,8,121.45,10719,East,971.6
522,2023-11-01,1043,Books,1,132.56,10236,South,132.56
523,2022-02-01,1058,Electronics,1,178.38,10533,South,178.38
524,2023-05-01,1048,Beauty,4,117.87,10184,South,471.48
525,2023-08-01,1060,Electronics,3,128.32,10467,West,384.96
526,2023-12-01,1016,Beauty,2,35.51,10753,East,71.02
527,2022-12-01,1073,Beauty,3,97.41,10362,South,292.23
528,2023-06-01,1056,Home & Garden,1,144.7,10282,South,144.7
529,2022-03-01,1054,Books,1,57.83,10552,South,57.83
530,2022-01-01,1046,Toys,6,44.44,10335,North,266.64
531,2022-01-01,1011,Beauty,5,66.2,10161,West,331.0
532,2023-07-01,1061,Home & Garden,8,52.09,10159,North,416.72
533,2022-11-01,1079,Books,2,46.91,10473,West,93.82
534,2022-05-01,1087,Toys,4,87.85,10600,South,351.4
535,2022-12-01,1082,Beauty,8,182.03,10321,East,1456.24
536,2022-03-01,1007,Beauty,6,103.88,10011,Central,623.28
537,2022-01-01,1094,Electronics,1,41.64,10423,Central,41.64
538,2022-01-01,1020,Electronics,4,20.01,10072,South,80.04
539,2022-08-01,1080,Books,1,140.75,10587,North,140.75
540,2022-10-01,1086,Toys,2,79.65,10857,East,159.3
541,2022-11-01,1079,Beauty,5,165.26,10200,West,826.3
542,2022-12-01,1069,Books,8,133.6,10521,South,1068.8
543,2023-01-01,1071,Books,8,160.27,10863,East,1282.16
544,2022-12-01,1024,Clothing,3,58.03,10504,East,174.09
545,2023-02-01,1081,Electronics,4,140.01,10737,West,560.04
546,2022-02-01,1088,Toys,6,56.49,10687,East,338.94
547,2023-07-01,1011,Beauty,3,188.12,10787,North,564.36
548,2023-06-01,1014,Books,2,129.09,10038,North,258.18
549,2022-03-01,1058,Beauty,6,68.28,10059,North,409.68
550,2023-11-01,1025,Clothing,5,57.55,10577,East,287.75
551,2023-05-01,1025,Toys,5,42.23,10320,North,211.14999999999998
552,2022-08-01,1046,Books,5,140.45,10434,West,702.25
553,2022-10-01,1031,Beauty,5,47.65,10635,East,238.25
554,2022-02-01,1009,Electronics,3,121.08,10675,Central,363.24
555,2023-07-01,1015,Clothing,7,56.6,10407,East,396.2
556,2022-09-01,1070,Toys,6,134.08,10922,West,804.48
557,2022-07-01,1016,Clothing,4,163.91,10385,Central,655.64
558,2022-04-01,1022,Electronics,2,156.71,10670,East,313.42
559,2023-09-01,1025,Toys,9,153.37,10568,North,1380.33
560,2023-06-01,1084,Clothing,1,41.61,10077,South,41.61
561,2023-01-01,1085,Home & Garden,4,22.24,10193,South,88.96
562,2022-11-01,1006,Electronics,1,141.3,10284,North,141.3
563,2023-12-01,1013,Electronics,6,76.83,10526,South,460.98
564,2022-04-01,1078,Electronics,4,89.31,10523,South,357.24
565,2024-01-01,1006,Home & Garden,5,11.07,10612,North,55.35
566,2023-09-01,1008,Home & Garden,5,55.62,10155,North,278.09999999999997
567,2024-01-01,1047,Beauty,9,11.57,10339,East,104.13
568,2022-04-01,1071,Books,1,176.44,10124,East,176.44
569,2022-10-01,1058,Clothing,2,52.46,10870,North,104.92
570,2022-05-01,1086,Beauty,6,113.68,10279,West,682.08
571,2022-09-01,1092,Clothing,5,12.6,10916,South,63.0
572,2023-12-01,1081,Books,7,135.04,10905,East,945.28
573,2022-03-01,1094,Home & Garden,3,67.99,10621,South,203.96999999999997
574,2023-05-01,1093,Books,3,180.09,10845,Central,540.27
575,2022-03-01,1038,Home & Garden,2,178.18,10868,North,356.36
576,2023-04-01,1098,Books,3,68.43,10657,West,205.29000000000002
577,2022-04-01,1017,Beauty,1,180.69,10727,Central,180.69
578,2023-06-01,1058,Toys,5,199.25,10909,Central,996.25
579,2023-05-01,1016,Beauty,5,165.96,10673,Central,829.8000000000001
580,2022-07-01,1013,Clothing,7,169.75,10127,North,1188.25
581,2023-12-01,1030,Beauty,4,53.56,10313,East,214.24
582,2023-11-01,1023,Electronics,3,117.46,10331,North,352.38
583,2022-05-01,1098,Clothing,1,18.11,10149,East,18.11
584,2022-12-01,1059,Books,8,23.51,10453,Central,188.08
585,2023-05-01,1044,Clothing,3,199.78,10035,Central,599.34
586,2023-11-01,1097,Toys,2,68.69,10684,West,137.38
587,2023-01-01,1002,Home & Garden,4,150.9,10419,East,603.6
588,2023-11-01,1036,Books,3,162.3,10021,Central,486.90000000000003
589,2024-01-01,1042,Clothing,1,172.31,10205,South,172.31
590,2022-03-01,1039,Books,3,199.54,10638,West,598.62
591,2022-09-01,1089,Books,2,52.09,10847,North,104.18
592,2023-05-01,1054,Books,8,12.87,10956,West,102.96
593,2023-05-01,1086,Home & Garden,6,85.18,10355,South,511.08000000000004
594,2023-08-01,1038,Beauty,9,30.37,10439,East,273.33
595,2023-04-01,1014,Books,8,9.37,10728,North,74.96
596,2024-01-01,1003,Electronics,3,75.28,10095,North,225.84
597,2023-10-01,1092,Toys,5,157.83,10928,East,789.1500000000001
598,2023-01-01,1085,Home & Garden,7,115.41,10940,West,807.87
599,2023-07-01,1024,Clothing,5,65.99,10163,Central,329.95
600,2023-05-01,1012,Home & Garden,8,132.6,10147,West,1060.8
601,2022-04-01,1081,Clothing,5,50.24,10529,South,251.20000000000002
602,2022-12-01,1032,Home & Garden,1,7.8,10293,Central,7.8
603,2022-09-01,1015,Clothing,5,154.05,10194,West,770.25
604,2023-07-01,1041,Books,4,126.63,10662,East,506.52
605,2022-12-01,1065,Beauty,6,153.65,10479,South,921.9000000000001
606,2022-09-01,1054,Clothing,3,12.59,10876,South,37.769999999999996
607,2022-07-01,1098,Clothing,5,168.24,10122,South,841.2
608,2023-02-01,1041,Electronics,2,125.81,10399,Central,251.62
609,2023-08-01,1033,Clothing,6,114.86,10698,North,689.16
610,2023-07-01,1029,Electronics,6,126.8,10964,Central,760.8
611,2023-03-01,1012,Toys,5,173.56,10451,West,867.8
612,2023-04-01,1012,Books,6,119.45,10660,North,716.7
613,2023-09-01,1017,Electronics,7,118.29,10103,West,828.0300000000001
614,2022-05-01,1031,Beauty,5,198.18,10754,North,990.9000000000001
615,2022-03-01,1095,Books,1,152.56,10461,Central,152.56
616,2022-12-01,1098,Electronics,8,91.25,10742,South,730.0
617,2024-01-01,1038,Books,4,142.94,10990,East,571.76
618,2023-08-01,1045,Books,9,80.9,10717,South,728.1
619,2023-09-01,1028,Books,6,49.63,10709,Central,297.78000000000003
620,2022-04-01,1061,Toys,1,121.39,10395,North,121.39
621,2023-09-01,1092,Beauty,3,186.0,10911,South,558.0
622,2023-11-01,1061,Home & Garden,3,186.18,10336,Central,558.54
623,2023-04-01,1056,Home & Garden,4,71.67,10598,West,286.68
624,2024-01-01,1015,Electronics,6,107.9,10141,East,647.4000000000001
625,2022-07-01,1055,Books,7,46.27,10316,South,323.89000000000004
626,2023-01-01,1009,Electronics,4,199.15,10710,North,796.6
627,2023-09-01,1029,Toys,6,196.32,10557,West,1177.92
628,2022-10-01,1024,Toys,1,131.65,10799,Central,131.65
629,2022-07-01,1083,Clothing,8,161.86,10526,East,1294.88
630,2023-02-01,1004,Toys,7,144.44,10555,North,1011.0799999999999
631,2022-05-01,1064,Clothing,9,120.67,10400,Central,1086.03
632,2022-03-01,1093,Beauty,3,15.4,10680,Central,46.2
633,2023-11-01,1048,Electronics,2,93.68,10309,South,187.36
634,2022-11-01,1002,Beauty,1,136.58,10494,South,136.58
635,2022-11-01,1044,Toys,3,137.12,10555,North,411.36
636,2023-06-01,1013,Beauty,5,77.76,10609,Central,388.8
637,2023-03-01,1029,Beauty,2,188.63,10772,South,377.26
638,2022-12-01,1067,Beauty,3,37.63,10108,East,112.89000000000001
639,2022-09-01,1017,Toys,4,102.57,10794,East,410.28
640,2022-10-01,1061,Books,7,139.72,10371,Central,978.04
641,2022-12-01,1036,Beauty,3,140.94,10854,South,422.82
642,2023-05-01,1024,Clothing,9,131.48,10615,North,1183.32
643,2022-06-01,1047,Toys,8,58.68,10767,North,469.44
644,2022-07-01,1064,Beauty,4,35.46,10890,North,141.84
645,2023-02-01,1052,Books,1,129.01,10205,East,129.01
646,2023-01-01,1078,Toys,1,121.86,10846,South,121.86
647,2022-08-01,1072,Home & Garden,1,39.97,10042,South,39.97
648,2022-10-01,1014,Books,1,142.5,10864,East,142.5
649,2022-09-01,1048,Clothing,8,93.76,10244,North,750.08
650,2023-06-01,1087,Beauty,3,135.21,10286,North,405.63
651,2022-02-01,1067,Home & Garden,6,168.29,10354,Central,1009.74
652,2022-05-01,1011,Home & Garden,3,38.1,10784,West,114.30000000000001
653,2022-05-01,1058,Toys,5,8.73,10475,South,43.650000000000006
654,2022-06-01,1036,Home & Garden,7,156.93,10082,South,1098.51
655,2023-07-01,1060,Clothing,2,123.89,10109,South,247.78
656,2022-08-01,1042,Clothing,6,141.43,10949,West,848.58
657,2023-04-01,1069,Electronics,6,168.44,10189,Central,1010.64
658,2023-01-01,1038,Clothing,3,161.55,10982,West,484.65000000000003
659,2022-01-01,1055,Books,6,192.38,10799,North,1154.28
660,2023-10-01,1062,Home & Garden,5,109.51,10935,North,547.5500000000001
661,2023-08-01,1045,Clothing,2,100.26,10908,South,200.52
662,2023-05-01,1087,Toys,9,83.37,10250,East,750.33
663,2022-07-01,1010,Electronics,8,34.97,10723,South,279.76
664,2024-01-01,1061,Home & Garden,3,116.66,10290,East,349.98
665,2023-01-01,1076,Electronics,8,59.02,10644,West,472.16
666,2022-04-01,1097,Home & Garden,9,184.65,10200,North,1661.8500000000001
667,2022-04-01,1024,Toys,3,118.72,10796,East,356.15999999999997
668,2022-06-01,1070,Electronics,3,120.6,10325,West,361.79999999999995
669,2023-07-01,1051,Beauty,2,74.21,10510,North,148.42
670,2022-12-01,1003,Books,8,15.14,10408,East,121.12
671,2023-10-01,1058,Books,1,11.19,10606,South,11.19
672,2022-07-01,1071,Home & Garden,8,87.55,10789,South,700.4
673,2022-10-01,1019,Beauty,7,21.49,10961,South,150.42999999999998
674,2023-07-01,1092,Electronics,7,123.34,10940,West,863.38
675,2022-07-01,1062,Beauty,3,176.79,10836,South,530.37
676,2022-03-01,1053,Beauty,1,177.17,10507,Central,177.17
677,2023-01-01,1073,Electronics,4,133.51,10730,North,534.04
678,2023-01-01,1097,Toys,9,46.19,10600,West,415.71
679,2023-06-01,1056,Beauty,5,173.28,10071,South,866.4
680,2023-08-01,1089,Beauty,1,177.79,10246,North,177.79
681,2022-08-01,1040,Toys,5,43.35,10640,East,216.75
682,2022-09-01,1002,Beauty,8,148.8,10723,South,1190.4
683,2022-07-01,1005,Beauty,8,60.87,10939,North,486.96
684,2022-01-01,1004,Beauty,5,161.51,10854,Central,807.55
685,2022-03-01,1004,Books,9,199.46,10607,East,1795.14
686,2023-01-01,1053,Clothing,1,10.86,10586,Central,10.86
687,2024-01-01,1046,Toys,4,179.99,10934,North,719.96
688,2023-05-01,1086,Beauty,3,126.41,10565,Central,379.23
689,2024-01-01,1048,Books,2,194.81,10343,North,389.62
690,2023-12-01,1008,Toys,8,95.68,10970,North,765.44
691,2022-01-01,1098,Home & Garden,7,170.24,10924,Central,1191.68
692,2022-06-01,1019,Home & Garden,9,17.17,10053,North,154.53000000000003
693,2023-09-01,1060,Beauty,2,70.38,10729,South,140.76
694,2022-06-01,1034,Books,4,18.07,10527,North,72.28
695,2022-12-01,1049,Books,6,195.19,10610,West,1171.1399999999999
696,2023-01-01,1081,Toys,3,164.31,10531,North,492.93
697,2023-01-01,1061,Toys,8,171.25,10557,West,1370.0
698,2023-03-01,1016,Books,3,187.9,10962,North,563.7
699,2023-09-01,1087,Toys,2,21.6,10192,North,43.2
700,2023-04-01,1002,Books,3,80.19,10894,Central,240.57
701,2023-10-01,1031,Clothing,6,18.85,10057,South,113.10000000000001
702,2023-09-01,1098,Books,2,46.1,10436,South,92.2
703,2022-11-01,1012,Home & Garden,8,49.73,10110,East,397.84
704,2022-05-01,1088,Toys,1,96.48,10128,Central,96.48
705,2022-04-01,1072,Books,7,57.37,10848,Central,401.59
706,2022-03-01,1067,Books,2,24.69,10705,South,49.38
707,2023-07-01,1013,Toys,6,37.66,10924,Central,225.95999999999998
708,2023-08-01,1097,Clothing,2,33.72,10851,South,67.44
709,2024-01-01,1010,Clothing,2,194.75,10325,Central,389.5
710,2023-06-01,1055,Toys,8,153.06,10007,North,1224.48
711,2023-03-01,1066,Electronics,2,193.71,10028,South,387.42
712,2022-09-01,1091,Toys,7,90.75,10111,South,635.25
713,2023-05-01,1028,Toys,3,59.28,10946,West,177.84
714,2023-02-01,1008,Clothing,8,160.67,10672,Central,1285.36
715,2023-03-01,1066,Clothing,7,68.62,10130,Central,480.34000000000003
716,2022-01-01,1024,Toys,8,63.38,10187,South,507.04
717,2023-09-01,1097,Toys,7,50.34,10674,North,352.38
718,2023-10-01,1075,Toys,6,30.29,10708,North,181.74
719,2023-10-01,1041,Clothing,7,55.01,10474,North,385.07
720,2022-03-01,1008,Toys,5,74.29,10363,Central,371.45000000000005
721,2023-04-01,1078,Toys,7,136.43,10203,West,955.01
722,2023-11-01,1039,Beauty,1,17.2,10211,South,17.2
723,2024-01-01,1024,Electronics,1,46.05,10620,East,46.05
724,2022-11-01,1004,Home & Garden,9,162.76,10275,West,1464.84
725,2022-12-01,1010,Electronics,5,33.65,10072,East,168.25
726,2022-10-01,1058,Beauty,5,71.82,10678,West,359.09999999999997
727,2023-04-01,1097,Home & Garden,3,173.61,10771,North,520.83
728,2022-08-01,1087,Toys,5,35.21,10242,Central,176.05
729,2022-06-01,1078,Beauty,3,21.13,10786,East,63.39
730,2022-12-01,1037,Toys,9,99.48,10101,West,895.32
731,2023-12-01,1071,Clothing,9,63.97,10986,Central,575.73
732,2023-09-01,1004,Books,6,114.86,10684,East,689.16
733,2022-08-01,1047,Beauty,1,161.74,10170,South,161.74
734,2022-04-01,1089,Clothing,7,31.74,10652,West,222.17999999999998
735,2022-08-01,1017,Beauty,7,118.24,10908,South,827.68
736,2023-06-01,1069,Beauty,4,103.57,10187,North,414.28
737,2022-05-01,1036,Clothing,8,33.1,10440,South,264.8
738,2022-09-01,1059,Home & Garden,6,126.68,10085,South,760.08
739,2022-04-01,1047,Electronics,4,58.36,10475,West,233.44
740,2023-10-01,1076,Toys,4,100.13,10051,North,400.52
741,2023-05-01,1027,Beauty,2,21.04,10110,South,42.08
742,2022-09-01,1068,Toys,2,94.62,10948,Central,189.24
743,2022-01-01,1076,Books,4,64.76,10876,East,259.04
744,2023-09-01,1080,Clothing,5,165.36,10853,South,826.8000000000001
745,2023-08-01,1039,Toys,8,16.11,10042,North,128.88
746,2023-01-01,1044,Clothing,6,86.63,10210,South,519.78
747,2023-04-01,1095,Toys,4,94.39,10967,East,377.56
748,2023-01-01,1061,Electronics,7,146.38,10199,North,1024.6599999999999
749,2023-02-01,1092,Electronics,8,116.99,10809,West,935.92
750,2022-03-01,1057,Electronics,2,135.11,10857,North,270.22
751,2022-06-01,1066,Electronics,7,156.52,10751,West,1095.64
752,2023-06-01,1055,Electronics,2,173.13,10626,North,346.26
753,2023-07-01,1039,Electronics,2,66.21,10025,East,132.42
754,2022-05-01,1097,Clothing,8,109.91,10918,East,879.28
755,2023-03-01,1039,Beauty,2,168.82,10298,North,337.64
756,2024-01-01,1090,Toys,9,197.94,10076,South,1781.46
757,2022-02-01,1076,Electronics,1,178.46,10923,East,178.46
758,2022-10-01,1032,Clothing,9,77.44,10136,West,696.96
759,2023-12-01,1005,Clothing,1,43.06,10019,West,43.06
760,2023-06-01,1087,Clothing,2,100.43,10439,Central,200.86
761,2023-01-01,1018,Beauty,6,149.62,10210,West,897.72
762,2022-05-01,1079,Toys,6,101.05,10751,Central,606.3
763,2023-11-01,1039,Beauty,1,99.22,10550,North,99.22
764,2023-12-01,1091,Home & Garden,7,168.45,10434,North,1179.1499999999999
765,2022-01-01,1096,Clothing,8,75.47,10779,North,603.76
766,2023-10-01,1058,Home & Garden,2,172.66,10206,South,345.32
767,2022-01-01,1058,Books,8,84.33,10990,South,674.64
768,2023-06-01,1047,Electronics,9,69.01,10438,Central,621.09
769,2023-03-01,1040,Electronics,6,93.53,10973,West,561.1800000000001
770,2023-05-01,1012,Beauty,5,153.68,10778,West,768.4000000000001
771,2022-11-01,1044,Toys,9,29.57,10665,North,266.13
772,2023-09-01,1088,Home & Garden,9,43.3,10041,East,389.7
773,2024-01-01,1052,Toys,1,190.53,10410,South,190.53
774,2023-10-01,1041,Beauty,3,39.22,10522,South,117.66
775,2023-05-01,1099,Electronics,9,115.71,10805,North,1041.3899999999999
776,2023-01-01,1062,Toys,2,117.97,10609,South,235.94
777,2022-01-01,1026,Toys,4,100.48,10426,North,401.92
778,2022-02-01,1037,Electronics,4,130.73,10274,Central,522.92
779,2022-09-01,1059,Home & Garden,2,49.82,10447,West,99.64
780,2022-03-01,1006,Electronics,3,112.77,10901,East,338.31
781,2022-01-01,1004,Toys,3,77.57,10941,West,232.70999999999998
782,2023-09-01,1044,Home & Garden,1,134.03,10883,West,134.03
783,2023-04-01,1057,Home & Garden,6,32.54,10741,Central,195.24
784,2023-11-01,1030,Electronics,8,116.32,10368,South,930.56
785,2022-06-01,1022,Toys,3,41.13,10937,East,123.39000000000001
786,2023-05-01,1041,Beauty,5,59.34,10219,South,296.70000000000005
787,2022-05-01,1009,Toys,1,47.65,10576,West,47.65
788,2022-05-01,1031,Clothing,7,40.65,10866,North,284.55
789,2022-06-01,1052,Books,1,166.01,10231,West,166.01
790,2022-03-01,1029,Beauty,9,60.71,10327,South,546.39
791,2023-09-01,1038,Home & Garden,8,185.79,10442,West,1486.32
792,2023-11-01,1030,Beauty,7,194.14,10051,North,1358.98
793,2022-05-01,1081,Home & Garden,7,116.4,10885,Central,814.8000000000001
794,2023-09-01,1099,Home & Garden,5,32.89,10942,South,164.45
795,2022-05-01,1001,Beauty,5,78.04,10375,West,390.20000000000005
796,2022-10-01,1077,Home & Garden,5,160.56,10262,South,802.8
797,2022-10-01,1076,Home & Garden,1,76.64,10266,Central,76.64
798,2023-07-01,1092,Clothing,8,21.97,10358,West,175.76
799,2023-05-01,1011,Toys,1,113.57,10316,West,113.57
800,2023-09-01,1038,Toys,4,169.8,10323,South,679.2
801,2023-02-01,1065,Books,9,160.21,10920,South,1441.89
802,2022-09-01,1095,Books,9,39.15,10907,North,352.34999999999997
803,2023-02-01,1012,Clothing,5,136.19,10665,Central,680.95
804,2022-01-01,1045,Books,4,48.0,10869,North,192.0
805,2023-07-01,1026,Beauty,3,47.55,10877,West,142.64999999999998
806,2023-01-01,1016,Electronics,3,175.44,10651,South,526.3199999999999
807,2023-01-01,1094,Electronics,5,53.69,10938,West,268.45
808,2022-04-01,1097,Electronics,1,56.33,10562,West,56.33
809,2022-01-01,1059,Clothing,5,5.13,10628,East,25.65
810,2023-05-01,1063,Clothing,6,174.78,10420,East,1048.68
811,2022-08-01,1087,Home & Garden,7,159.56,10045,West,1116.92
812,2022-02-01,1034,Electronics,9,127.33,10820,South,1145.97
813,2022-08-01,1069,Beauty,3,151.3,10599,West,453.90000000000003
814,2022-07-01,1082,Books,2,34.65,10719,East,69.3
815,2022-02-01,1029,Beauty,3,94.37,10888,South,283.11
816,2023-10-01,1070,Books,9,73.49,10268,West,661.41
817,2023-10-01,1073,Electronics,7,23.29,10600,Central,163.03
818,2022-03-01,1095,Electronics,9,99.8,10380,Central,898.1999999999999
819,2023-06-01,1097,Electronics,2,184.54,10117,West,369.08
820,2022-12-01,1062,Clothing,5,12.81,10565,South,64.05
821,2022-01-01,1027,Books,4,61.83,10952,West,247.32
822,2023-10-01,1059,Clothing,2,45.47,10115,West,90.94
823,2022-12-01,1078,Clothing,9,51.44,10629,East,462.96
824,2022-05-01,1093,Toys,9,182.14,10259,Central,1639.2599999999998
825,2024-01-01,1036,Beauty,6,96.27,10074,East,577.62
826,2023-05-01,1092,Beauty,6,95.93,10479,East,575.58
827,2023-04-01,1021,Home & Garden,8,153.31,10304,West,1226.48
828,2023-03-01,1067,Clothing,6,35.13,10006,East,210.78000000000003
829,2023-11-01,1019,Books,1,100.02,10365,Central,100.02
830,2023-03-01,1095,Toys,4,88.85,10633,East,355.4
831,2022-05-01,1099,Toys,7,121.4,10522,Central,849.8000000000001
832,2023-09-01,1067,Beauty,2,199.91,10347,East,399.82
833,2023-02-01,1090,Clothing,9,155.04,10437,Central,1395.36
834,2022-02-01,1063,Home & Garden,8,82.58,10214,East,660.64
835,2022-11-01,1016,Clothing,8,166.37,10428,East,1330.96
836,2023-07-01,1011,Electronics,7,38.29,10790,South,268.03
837,2022-07-01,1021,Clothing,4,10.94,10497,Central,43.76
838,2022-06-01,1016,Electronics,2,44.87,10539,Central,89.74
839,2022-02-01,1009,Electronics,3,71.38,10746,Central,214.14
840,2022-06-01,1064,Home & Garden,6,104.56,10366,North,627.36
841,2023-06-01,1021,Books,5,124.95,10312,East,624.75
842,2022-02-01,1089,Beauty,8,182.57,10537,Central,1460.56
843,2023-06-01,1081,Clothing,6,104.42,10920,North,626.52
844,2023-03-01,1049,Electronics,6,102.75,10053,South,616.5
845,2023-07-01,1013,Clothing,1,14.8,10540,Central,14.8
846,2022-02-01,1063,Books,4,11.81,10466,Central,47.24
847,2023-08-01,1046,Beauty,5,112.48,10864,North,562.4
848,2024-01-01,1028,Books,3,90.44,10163,East,271.32
849,2022-06-01,1075,Beauty,9,168.64,10781,South,1517.7599999999998
850,2022-01-01,1035,Toys,1,36.33,10333,Central,36.33
851,2023-12-01,1098,Beauty,6,9.87,10546,East,59.22
852,2023-03-01,1051,Home & Garden,6,92.56,10797,South,555.36
853,2023-11-01,1075,Books,5,51.31,10347,West,256.55
854,2022-10-01,1006,Electronics,5,14.67,10272,West,73.35
855,2023-07-01,1028,Toys,5,146.3,10962,South,731.5
856,2023-05-01,1010,Home & Garden,6,26.76,10719,North,160.56
857,2022-05-01,1032,Clothing,8,123.62,10749,South,988.96
858,2022-04-01,1005,Books,2,59.8,10413,South,119.6
859,2022-10-01,1078,Electronics,6,38.83,10499,North,232.98
860,2023-12-01,1031,Beauty,1,79.05,10092,North,79.05
861,2023-05-01,1050,Electronics,4,161.28,10684,East,645.12
862,2022-10-01,1074,Clothing,3,81.46,10078,East,244.38
863,2023-05-01,1057,Toys,9,151.4,10621,North,1362.6000000000001
864,2023-08-01,1086,Toys,3,29.47,10216,West,88.41
865,2023-12-01,1025,Books,6,155.69,10946,West,934.14
866,2022-05-01,1097,Toys,1,51.2,10357,South,51.2
867,2022-02-01,1045,Books,6,137.09,10617,Central,822.54
868,2022-06-01,1097,Books,4,115.33,10506,South,461.32
869,2023-09-01,1028,Books,8,186.18,10558,South,1489.44
870,2022-02-01,1003,Beauty,9,80.53,10180,Central,724.77
871,2023-01-01,1080,Home & Garden,4,17.9,10575,North,71.6
872,2022-11-01,1098,Books,6,8.74,10245,West,52.44
873,2022-11-01,1012,Books,1,166.24,10243,South,166.24
874,2023-04-01,1038,Home & Garden,4,107.32,10505,Central,429.28
875,2022-11-01,1014,Electronics,7,156.17,10421,East,1093.1899999999998
876,2023-07-01,1028,Books,1,50.71,10319,South,50.71
877,2023-03-01,1028,Beauty,8,72.29,10086,West,578.32
878,2024-01-01,1074,Toys,6,10.87,10216,North,65.22
879,2023-11-01,1031,Toys,5,192.49,10489,South,962.45
880,2023-11-01,1001,Clothing,9,135.23,10518,South,1217.07
881,2023-04-01,1046,Clothing,2,186.97,10277,Central,373.94
882,2022-11-01,1077,Toys,5,56.77,10848,East,283.85
883,2023-10-01,1083,Toys,6,124.24,10721,East,745.4399999999999
884,2023-04-01,1021,Beauty,7,137.31,10168,North,961.1700000000001
885,2022-08-01,1074,Home & Garden,5,66.92,10329,West,334.6
886,2022-04-01,1026,Clothing,9,170.38,10649,North,1533.42
887,2022-08-01,1066,Home & Garden,1,189.7,10440,South,189.7
888,2022-04-01,1080,Beauty,7,177.55,10390,South,1242.8500000000001
889,2023-12-01,1055,Toys,7,149.12,10495,East,1043.8400000000001
890,2024-01-01,1091,Books,4,59.11,10380,West,236.44
891,2022-03-01,1092,Home & Garden,9,59.92,10305,Central,539.28
892,2022-03-01,1020,Toys,5,192.86,10741,West,964.3000000000001
893,2023-06-01,1046,Toys,4,7.01,10986,South,28.04
894,2023-07-01,1079,Electronics,7,144.63,10819,Central,1012.41
895,2023-07-01,1058,Home & Garden,4,142.72,10672,West,570.88
896,2023-09-01,1083,Books,3,126.42,10512,West,379.26
897,2022-05-01,1005,Home & Garden,9,198.07,10747,Central,1782.6299999999999
898,2023-06-01,1018,Toys,8,65.82,10948,South,526.56
899,2022-10-01,1056,Books,1,71.29,10187,West,71.29
900,2023-10-01,1068,Beauty,7,20.39,10929,Central,142.73000000000002
901,2023-09-01,1002,Electronics,9,91.35,10515,South,822.15
902,2022-06-01,1000,Toys,8,55.9,10912,Central,447.2
903,2022-01-01,1057,Clothing,8,71.96,10643,Central,575.68
904,2022-05-01,1037,Clothing,6,167.74,10426,West,1006.44
905,2022-09-01,1014,Electronics,4,187.42,10501,South,749.68
906,2022-12-01,1033,Beauty,8,41.22,10729,West,329.76
907,2023-02-01,1060,Toys,3,77.64,10259,North,232.92000000000002
908,2022-02-01,1034,Home & Garden,9,186.08,10512,North,1674.72
909,2023-05-01,1063,Electronics,2,17.05,10070,South,34.1
910,2023-02-01,1024,Beauty,2,23.01,10477,Central,46.02
911,2023-01-01,1023,Home & Garden,7,36.74,10177,West,257.18
912,2022-09-01,1011,Clothing,4,121.07,10456,West,484.28
913,2024-01-01,1017,Clothing,8,34.34,10188,South,274.72
914,2023-03-01,1014,Home & Garden,9,193.77,10290,South,1743.93
915,2024-01-01,1079,Electronics,7,92.11,10519,North,644.77
916,2023-10-01,1026,Clothing,5,102.8,10764,East,514.0
917,2023-03-01,1071,Toys,8,53.1,10919,South,424.8
918,2023-12-01,1059,Books,4,96.84,10978,East,387.36
919,2022-11-01,1045,Home & Garden,2,134.07,10291,South,268.14
920,2023-04-01,1088,Home & Garden,6,151.48,10945,Central,908.8799999999999
921,2023-05-01,1016,Clothing,9,152.0,10755,Central,1368.0
922,2022-04-01,1092,Electronics,1,117.69,10634,North,117.69
923,2022-01-01,1052,Toys,7,181.35,10810,North,1269.45
924,2022-08-01,1007,Electronics,9,164.39,10282,East,1479.5099999999998
925,2023-05-01,1078,Beauty,9,152.62,10543,South,1373.58
926,2022-03-01,1026,Beauty,3,15.84,10845,West,47.519999999999996
927,2023-08-01,1045,Books,5,6.34,10376,North,31.7
928,2023-03-01,1049,Clothing,8,46.43,10657,West,371.44
929,2023-03-01,1070,Clothing,8,134.39,10155,West,1075.12
930,2023-12-01,1002,Clothing,4,85.18,10507,South,340.72
931,2023-10-01,1092,Books,1,83.47,10412,East,83.47
932,2023-02-01,1063,Beauty,1,177.49,10527,South,177.49
933,2023-11-01,1043,Electronics,4,179.63,10354,North,718.52
934,2023-02-01,1052,Books,6,182.29,10558,West,1093.74
935,2023-12-01,1023,Books,8,66.21,10762,South,529.68
936,2022-02-01,1059,Electronics,6,139.76,10186,South,838.56
937,2023-01-01,1002,Clothing,9,57.97,10030,South,521.73
938,2023-02-01,1019,Toys,9,42.17,10259,North,379.53000000000003
939,2023-12-01,1045,Electronics,2,41.0,10420,East,82.0
940,2023-07-01,1014,Beauty,1,71.71,10528,South,71.71
941,2022-07-01,1024,Home & Garden,2,88.84,10550,North,177.68
942,2022-03-01,1093,Home & Garden,5,167.04,10303,West,835.1999999999999
943,2023-03-01,1077,Books,4,28.38,10941,Central,113.52
944,2023-11-01,1070,Home & Garden,4,148.31,10985,North,593.24
945,2023-02-01,1016,Toys,9,108.63,10943,Central,977.67
946,2022-11-01,1083,Clothing,8,61.15,10038,South,489.2
947,2023-03-01,1099,Beauty,6,101.1,10488,South,606.5999999999999
948,2023-01-01,1008,Toys,1,63.49,10643,North,63.49
949,2023-06-01,1037,Beauty,2,121.24,10541,Central,242.48
950,2022-06-01,1047,Beauty,6,89.6,10669,South,537.5999999999999
951,2022-03-01,1059,Clothing,2,37.06,10277,West,74.12
952,2023-07-01,1062,Books,5,27.73,10202,East,138.65
953,2023-03-01,1085,Home & Garden,5,111.61,10065,East,558.05
954,2024-01-01,1001,Clothing,6,180.97,10107,South,1085.82
955,2023-11-01,1087,Toys,6,72.07,10267,Central,432.41999999999996
956,2022-05-01,1071,Books,6,147.94,10221,South,887.64
957,2022-10-01,1010,Toys,2,133.44,10803,Central,266.88
958,2022-07-01,1063,Books,3,186.65,10529,West,559.95
959,2024-01-01,1076,Toys,6,165.09,10089,Central,990.54
960,2023-05-01,1080,Clothing,8,115.49,10692,South,923.92
961,2022-07-01,1071,Books,1,133.12,10254,West,133.12
962,2023-10-01,1020,Books,1,180.19,10454,North,180.19
963,2022-12-01,1017,Beauty,2,82.91,10252,East,165.82
964,2024-01-01,1093,Beauty,6,68.72,10256,South,412.32
965,2023-05-01,1063,Electronics,9,7.11,10382,South,63.99
966,2023-01-01,1081,Toys,4,166.18,10441,South,664.72
967,2023-08-01,1094,Beauty,3,161.19,10857,West,483.57
968,2024-01-01,1037,Electronics,8,25.37,10598,North,202.96
969,2022-04-01,1031,Beauty,9,117.49,10089,Central,1057.4099999999999
970,2022-10-01,1010,Toys,5,95.48,10748,North,477.40000000000003
971,2022-03-01,1044,Books,9,28.15,10389,West,253.35
972,2022-09-01,1088,Home & Garden,2,196.21,10581,South,392.42
973,2023-01-01,1032,Toys,3,46.87,10043,East,140.60999999999999
974,2023-06-01,1040,Clothing,7,18.11,10711,South,126.77
975,2023-03-01,1007,Beauty,7,121.0,10663,Central,847.0
976,2022-04-01,1010,Beauty,6,149.08,10597,East,894.48
977,2023-03-01,1085,Books,6,11.33,10018,South,67.98
978,2023-10-01,1050,Clothing,2,133.45,10100,East,266.9
979,2022-02-01,1087,Books,6,108.8,10913,North,652.8
980,2023-03-01,1040,Clothing,4,25.14,10606,West,100.56
981,2022-08-01,1016,Home & Garden,3,38.64,10765,South,115.92
982,2022-08-01,1075,Beauty,2,115.75,10356,Central,231.5
983,2023-05-01,1045,Beauty,1,62.79,10541,North,62.79
984,2022-12-01,1031,Home & Garden,5,187.97,10760,South,939.85
985,2023-07-01,1078,Electronics,2,164.65,10937,North,329.3
986,2022-10-01,1079,Books,2,196.8,10032,Central,393.6
987,2022-09-01,1053,Home & Garden,7,55.64,10969,South,389.48
988,2022-05-01,1085,Books,8,194.1,10228,Central,1552.8
989,2022-06-01,1091,Toys,8,89.09,10523,East,712.72
990,2023-08-01,1019,Beauty,4,72.77,10629,Central,291.08
991,2022-02-01,1032,Books,1,14.82,10861,East,14.82
992,2023-12-01,1073,Clothing,7,15.29,10154,South,107.03
993,2023-01-01,1039,Books,1,139.94,10422,East,139.94
994,2022-06-01,1031,Toys,4,94.3,10904,South,377.2
995,2022-05-01,1096,Beauty,8,49.17,10245,South,393.36
996,2024-01-01,1001,Home & Garden,2,124.72,10404,West,249.44
997,2022-01-01,1096,Toys,6,54.31,10843,South,325.86
998,2023-09-01,1032,Beauty,6,117.64,10758,East,705.84
999,2023-10-01,1076,Books,9,75.05,10540,West,675.4499999999999
1000,2023-09-01,1029,Electronics,5,165.59,10160,West,827.95
